title,description,descriptionHTML,summary,installs,minInstalls,realInstalls,score,ratings,reviews,histogram,price,free,currency,sale,saleTime,originalPrice,saleText,offersIAP,inAppProductPrice,developer,developerId,developerEmail,developerWebsite,developerAddress,privacyPolicy,genre,genreId,categories,icon,headerImage,screenshots,video,videoImage,contentRating,contentRatingDescription,adSupported,containsAds,released,lastUpdatedOn,updated,version,appId,url
TikTok,"TikTok is THE destination for mobile videos. On TikTok, short-form videos are exciting, spontaneous, and genuine. Whether youâ€™re a sports fanatic, a pet enthusiast, or just looking for a laugh, thereâ€™s something for everyone on TikTok. All you have to do is watch, engage with what you like, skip what you donâ€™t, and youâ€™ll find an endless stream of short videos that feel personalized just for you. From your morning coffee to your afternoon errands, TikTok has the videos that are guaranteed to make your day.

We make it easy for you to discover and create your own original videos by providing easy-to-use tools to view and capture your daily moments. Take your videos to the next level with special effects, filters, music, and more. 

â–  Watch endless amount of videos customized specifically for you
A personalized video feed based on what you watch, like, and share. TikTok offers you real, interesting, and fun videos that will make your day.
 
â–  Explore videos, just one scroll away
Watch all types of videos, from Comedy, Gaming, DIY, Food, Sports, Memes, and Pets, to Oddly Satisfying, ASMR, and everything in between.
 
â–  Pause recording multiple times in one video
Pause and resume your video with just a tap. Shoot as many times as you need.
 
â–  Be entertained and inspired by a global community of creators
Millions of creators are on TikTok showcasing their incredible skills and everyday life. Let yourself be inspired.

â–  Add your favorite music or sound to your videos for free
Easily edit your videos with millions of free music clips and sounds. We curate music and sound playlists for you with the hottest tracks in every genre, including Hip Hop, Edm, Pop, Rock, Rap, and Country, and the most viral original sounds.

â–  Express yourself with creative effects
Unlock tons of filters, effects, and AR objects to take your videos to the next level.

â–  Edit your own videos 
Our integrated editing tools allow you to easily trim, cut, merge and duplicate video clips without leaving the app.

* Any feedback? Contact us at https://www.tiktok.com/legal/report/feedback or tweet us @tiktok_us

â–  Terms of Service
https://www.tiktok.com/legal/terms-of-service

â–  Privacy Policy
https://www.tiktok.com/legal/privacy-policy","TikTok is THE destination for mobile videos. On TikTok, short-form videos are exciting, spontaneous, and genuine. Whether youâ€™re a sports fanatic, a pet enthusiast, or just looking for a laugh, thereâ€™s something for everyone on TikTok. All you have to do is watch, engage with what you like, skip what you donâ€™t, and youâ€™ll find an endless stream of short videos that feel personalized just for you. From your morning coffee to your afternoon errands, TikTok has the videos that are guaranteed to make your day.<br><br>We make it easy for you to discover and create your own original videos by providing easy-to-use tools to view and capture your daily moments. Take your videos to the next level with special effects, filters, music, and more. <br><br>â–  Watch endless amount of videos customized specifically for you<br>A personalized video feed based on what you watch, like, and share. TikTok offers you real, interesting, and fun videos that will make your day.<br> <br>â–  Explore videos, just one scroll away<br>Watch all types of videos, from Comedy, Gaming, DIY, Food, Sports, Memes, and Pets, to Oddly Satisfying, ASMR, and everything in between.<br> <br>â–  Pause recording multiple times in one video<br>Pause and resume your video with just a tap. Shoot as many times as you need.<br> <br>â–  Be entertained and inspired by a global community of creators<br>Millions of creators are on TikTok showcasing their incredible skills and everyday life. Let yourself be inspired.<br><br>â–  Add your favorite music or sound to your videos for free<br>Easily edit your videos with millions of free music clips and sounds. We curate music and sound playlists for you with the hottest tracks in every genre, including Hip Hop, Edm, Pop, Rock, Rap, and Country, and the most viral original sounds.<br><br>â–  Express yourself with creative effects<br>Unlock tons of filters, effects, and AR objects to take your videos to the next level.<br><br>â–  Edit your own videos <br>Our integrated editing tools allow you to easily trim, cut, merge and duplicate video clips without leaving the app.<br><br>* Any feedback? Contact us at https://www.tiktok.com/legal/report/feedback or tweet us @tiktok_us<br><br>â–  Terms of Service<br>https://www.tiktok.com/legal/terms-of-service<br><br>â–  Privacy Policy<br>https://www.tiktok.com/legal/privacy-policy","Join your friends and discover videos you love, only on TikTok","1,000,000,000+",1000000000,3079207043,4.2385406,62516921,2185222,"[7313711, 1893789, 3099160, 6469503, 43740732]",0,True,USD,False,,,,True,"$0.05 - $1,200.00 per item",TikTok Pte. Ltd.,TikTok+Pte.+Ltd.,feedback@tiktok.com,https://www.tiktok.com/,"1 Raffles Quay, #26-10,
South Tower,
Singapore
048583",https://www.tiktok.com/legal/privacy-policy,Social,SOCIAL,"[{'name': 'Social', 'id': 'SOCIAL'}]",https://play-lh.googleusercontent.com/BmUViDVOKNJe0GYJe22hsr7juFndRVbvr1fGmHGXqHfJjNAXjd26bfuGRQpVrpJ6YbA,https://play-lh.googleusercontent.com/cGg6XqpqP7WgRh-QnOdBl92ybv-WPtPuCp3Op04TvtvcoGyKDOK8FMI5brKl87MP3SMS,"['https://play-lh.googleusercontent.com/BVtI-VxNe3il_Yd-4IHr9H7Vre42ca3x3r-7Ta8rGSnvVWl7zqAMau5oJrzkvBskqWmN', 'https://play-lh.googleusercontent.com/MLJEufslggDhkPlHpu83rCf9Urx7jczOyhmkdYL3SfViBPvS3fKD6Qo7sfpmBlS5vw', 'https://play-lh.googleusercontent.com/RsF3ddXDcjKH8-RyyaFzyXQB5yv0E9l9EGtPnUSpUE-KUDxJlJM8glLwDrg3YicN2l4K', 'https://play-lh.googleusercontent.com/UkanQuEHXVQOBYCu9LEOXjtkpBSQoJvZql_EerhTB_P2E-PBCA1Hc-547tLLbv2DVA', 'https://play-lh.googleusercontent.com/VqBYkhAJiY3BjH4Gv-pgIHbPnIuXTEhKfkka5UMrcjA3ddukwpbUKYzqEqA95dDBK9o', 'https://play-lh.googleusercontent.com/1AmZSlCNziTKUgItHPfbzN9AZ1wKJRMSIzPFsGgGZKsUHAMep96bPccR5TWZCNSaSQs', 'https://play-lh.googleusercontent.com/k4GWhaulvZivMDNiXOcfNKM4SxddxS4OC3XaJNyBIaQVjmavvETtutK5GI-6bWM_7Gvn', 'https://play-lh.googleusercontent.com/XZVJSLq0tIDL3Xudoqa2wb3puxrWlKO2tIMAGcJbW023Nf-lQ_CJ6ndMYZWhRgXEag', 'https://play-lh.googleusercontent.com/lZPjVWQw2dSXvnUj1c0K_DSiIBk2dKug3LHPnUtgyGH0TWDpMBlMi2uG87hp3-ATrOY', 'https://play-lh.googleusercontent.com/3Ntzw3fzRVm508FTLbXoAA0NbCcviqzw3VQupaCTG1RhDeZGsShAgN9TUGEicbpGelQ', 'https://play-lh.googleusercontent.com/E_a4piJq9DlmudaAfjxd72WtPQnHSboDzXcVpggfIQHZM6NwaBdD2AgAiZpAPff8VBw', 'https://play-lh.googleusercontent.com/f1Q_dfmyH_wmdjURDhfoM_FQfNRjCngh9prKvIFH3xKsoN0AkQnpCCaddlhc3yRT-P8', 'https://play-lh.googleusercontent.com/9m19HftVHEzhInp0s-RSi3LPA5co8dB2V4dQqdkFfsz6rRyccH3LQjeJc9Y4mm8pdqJg']",,,Teen,,True,True,"Jul 9, 2015","Apr 25, 2024",1714056141,,com.zhiliaoapp.musically,https://play.google.com/store/apps/details?id=com.zhiliaoapp.musically&hl=en&gl=us
Instagram,"Little moments lead to big friendships. Share yours on Instagram. 
â€”From Meta

Connect with friends, find other fans, and see what people around you are up to and into. Explore your interests and post what's going on, from your daily moments to life's highlights.

Share what youâ€™re up to and into on InstaÂ®.
- Keep up with friends on the fly with Stories and Notes that disappear after 24 hours.
- Start group chats and share unfiltered moments with your Close Friends.
- Share memories from recent events or trips in Feed.
- Turn your life into a movie and discover short, entertaining videos on Instagram with Reels.
- Customize your posts with exclusive templates, music, stickers and filters.

Dive into your interests.
- Watch videos from your favorite Creators and discover new content thatâ€™s personalized to your interests.
- Get inspired by photos and videos from new accounts in Explore.
- Discover brands and small businesses, and shop products that are relevant to your personal style.

Some Instagram features may not be available in your country or region.

Terms and Policies - https://help.instagram.com/581066165581870

Consumer Health Privacy Policy: https://privacycenter.instagram.com/policies/health","Little moments lead to big friendships. Share yours on Instagram. <br>â€”From Meta<br><br>Connect with friends, find other fans, and see what people around you are up to and into. Explore your interests and post what&#39;s going on, from your daily moments to life&#39;s highlights.<br><br>Share what youâ€™re up to and into on InstaÂ®.<br>- Keep up with friends on the fly with Stories and Notes that disappear after 24 hours.<br>- Start group chats and share unfiltered moments with your Close Friends.<br>- Share memories from recent events or trips in Feed.<br>- Turn your life into a movie and discover short, entertaining videos on Instagram with Reels.<br>- Customize your posts with exclusive templates, music, stickers and filters.<br><br>Dive into your interests.<br>- Watch videos from your favorite Creators and discover new content thatâ€™s personalized to your interests.<br>- Get inspired by photos and videos from new accounts in Explore.<br>- Discover brands and small businesses, and shop products that are relevant to your personal style.<br><br>Some Instagram features may not be available in your country or region.<br><br>Terms and Policies - https://help.instagram.com/581066165581870<br><br>Consumer Health Privacy Policy: https://privacycenter.instagram.com/policies/health","Create & share photos, stories, & reels with friends you love","5,000,000,000+",5000000000,5497942600,4.0351896,152859911,4500205,"[25834531, 5188811, 7315987, 13944218, 100576328]",0,True,USD,False,,,,True,$0.29 - $999.99 per item,Instagram,Instagram,android-support@instagram.com,http://help.instagram.com/,"Facebook, Inc.
1601 Willow Rd
Menlo Park, CA 94025
United States",http://instagram.com/legal/privacy/,Social,SOCIAL,"[{'name': 'Social', 'id': 'SOCIAL'}]",https://play-lh.googleusercontent.com/VRMWkE5p3CkWhJs6nv-9ZsLAs1QOg5ob1_3qg-rckwYW7yp1fMrYZqnEFpk0IoVP4LM,https://play-lh.googleusercontent.com/CgUPurtUp8SB709wsQcKLMv6JdIh1em0ka_58V69AorznLv42TV39etS2rt28wv9Rz8,"['https://play-lh.googleusercontent.com/fRvdBTcc5b7pMwXkSEa5-Jm47ZfTt2lc8buw_wbFgF5lkj3GuLyu2B3b4zf7mKXhW3E', 'https://play-lh.googleusercontent.com/W7J_rhJYWt65XQHaZ7N_6Nptu0wC6n4k9WX59qg46KRpe9b5I1LarJqZ7L-Uu9okgA', 'https://play-lh.googleusercontent.com/sn_2xT5NCjg-Km4XiZMAOM6xb4LxDqC_9sd5TENCjbU9D4aXVNrendOmIzHFyQo_kahz', 'https://play-lh.googleusercontent.com/-yPONtQXcCl1ibP7YvXkOLv5O6waJl8AD89La3TvoXnxZR1vbn7oJ1ltuR17RZ7pono', 'https://play-lh.googleusercontent.com/0T3c12jEeO0RZ_D8PCb-Q9pmgLJJs9CFWimCAZixw5qaihNRHdgXUK878gPxSgvglQ', 'https://play-lh.googleusercontent.com/QL9_QFz2viNOULxYwsfUXrUEMImfm86YU9VtiXWI8vEBmiw5zK04l1u46arke3g-Lw']",https://www.youtube.com/embed/7wbnqYRz6jE?ps=play&vq=large&rel=0&autohide=1&showinfo=0,https://play-lh.googleusercontent.com/CgUPurtUp8SB709wsQcKLMv6JdIh1em0ka_58V69AorznLv42TV39etS2rt28wv9Rz8,Teen,,True,True,"Apr 3, 2012","Apr 23, 2024",1713882324,,com.instagram.android,https://play.google.com/store/apps/details?id=com.instagram.android&hl=en&gl=us
Messenger,"Be together whenever, with our free* all-in-one communication app, complete with unlimited text, voice, video calling and group video chat features.
 PRIVACY SETTINGS
 New privacy settings let you choose who can reach you, and where your messages are delivered.
 CUSTOM REACTIONS
 Lost for words? You can customize your reactions, with lots more emojis to choose from.
 CHAT THEMES
 Choose from fun themes and colors, like Tie-Dye or Love, to make your chats more personal.
 WATCH TOGETHER
 Watch videos, tv shows, and movies with your friends over Messenger Video Chat and Rooms when you can't be together. Capture every moment and reaction in real-time.
 FREE* VIDEO CALLS TO STAY CONNECTED
 Keep your friends and family close with unlimited live video chatting.Host group video calls with up to 8 people, with high-quality audio, high definition video, and interactive video features like face filters.
 UNLIMITED FREE* TEXT & PHONE CALLS
 Skip exchanging phone numbers and simply send a message to your Facebook friends, even if theyâ€™re across the world. Enjoy high-quality voice and text messaging on mobile, tablet, and desktop.
 TURN OFF THE LIGHTS IN DARK MODE
 Give your eyes some rest with a sleek new look that darkens the colors of the chat interface.
 RECORD AND SEND VOICE AND VIDEO MESSAGES
 When text just won't cut it, just hit record and send. Say, sing, show, or shout it out loud.
 EXPRESS YOURSELF WITH STICKERS, GIFS, AND EMOJIS
 Use custom stickers to show your creative side. You can even add effects and filters to video calls.
 SEND FILES, PHOTOS, AND VIDEOS
 Thereâ€™s no limit to the number of files you want to share with your friends.
 PLAN AND MAKE IT HAPPEN
 Make plans to get together with polls and more. Suggest a meeting spot or tell friends where you are by sharing your location with just a few taps.
 SEND AND REQUEST MONEY WITH NO FEES
 Send and receive money securely and quicklyâ€”right in the app. Split payments in group chats to share rent, travel, and other expenses. Start sending money to friends and family by adding your debit card, PayPal account (fees may apply), or prepaid card. Only available in the US.
 CHAT WITH BUSINESSES
 Easily connect with your favorite businesses to make reservations, get customer support, find deals and more.
 COMPATIBLE ACROSS PLATFORMS
 Chat with friends across an array of devices, like desktop, Portal, and others.
 Privacy Policy: https://www.facebook.com/about/privacy/
 LEARN MORE about Messenger texting and group video chat at: http://messenger.com
 * Data rates apply
 Some Messenger features may not be available in your country or region.","Be together whenever, with our free* all-in-one communication app, complete with unlimited text, voice, video calling and group video chat features.<br> PRIVACY SETTINGS<br> New privacy settings let you choose who can reach you, and where your messages are delivered.<br> CUSTOM REACTIONS<br> Lost for words? You can customize your reactions, with lots more emojis to choose from.<br> CHAT THEMES<br> Choose from fun themes and colors, like Tie-Dye or Love, to make your chats more personal.<br> WATCH TOGETHER<br> Watch videos, tv shows, and movies with your friends over Messenger Video Chat and Rooms when you can&#39;t be together. Capture every moment and reaction in real-time.<br> FREE* VIDEO CALLS TO STAY CONNECTED<br> Keep your friends and family close with unlimited live video chatting.Host group video calls with up to 8 people, with high-quality audio, high definition video, and interactive video features like face filters.<br> UNLIMITED FREE* TEXT &amp; PHONE CALLS<br> Skip exchanging phone numbers and simply send a message to your Facebook friends, even if theyâ€™re across the world. Enjoy high-quality voice and text messaging on mobile, tablet, and desktop.<br> TURN OFF THE LIGHTS IN DARK MODE<br> Give your eyes some rest with a sleek new look that darkens the colors of the chat interface.<br> RECORD AND SEND VOICE AND VIDEO MESSAGES<br> When text just won&#39;t cut it, just hit record and send. Say, sing, show, or shout it out loud.<br> EXPRESS YOURSELF WITH STICKERS, GIFS, AND EMOJIS<br> Use custom stickers to show your creative side. You can even add effects and filters to video calls.<br> SEND FILES, PHOTOS, AND VIDEOS<br> Thereâ€™s no limit to the number of files you want to share with your friends.<br> PLAN AND MAKE IT HAPPEN<br> Make plans to get together with polls and more. Suggest a meeting spot or tell friends where you are by sharing your location with just a few taps.<br> SEND AND REQUEST MONEY WITH NO FEES<br> Send and receive money securely and quicklyâ€”right in the app. Split payments in group chats to share rent, travel, and other expenses. Start sending money to friends and family by adding your debit card, PayPal account (fees may apply), or prepaid card. Only available in the US.<br> CHAT WITH BUSINESSES<br> Easily connect with your favorite businesses to make reservations, get customer support, find deals and more.<br> COMPATIBLE ACROSS PLATFORMS<br> Chat with friends across an array of devices, like desktop, Portal, and others.<br> Privacy Policy: https://www.facebook.com/about/privacy/<br> LEARN MORE about Messenger texting and group video chat at: http://messenger.com<br> * Data rates apply<br> Some Messenger features may not be available in your country or region.","Free group video chat, video calls, voice calls and text messaging.","5,000,000,000+",5000000000,6472690505,4.0848184,88865344,2404460,"[12751875, 3273688, 5404428, 9690445, 57744877]",0,True,USD,False,,,,True,$0.05 - $399.99 per item,"Meta Platforms, Inc.","Meta+Platforms,+Inc.",android-support@fb.com,https://www.facebook.com/games/fbmessenger_android/,"1 Hacker Way
Menlo Park, CA 94025",https://m.facebook.com/policy.php,Communication,COMMUNICATION,"[{'name': 'Communication', 'id': 'COMMUNICATION'}]",https://play-lh.googleusercontent.com/ldcQMpP7OaVmglCF6kGas9cY_K0PsJzSSosx2saw9KF1m3RHaEXpH_9mwBWaYnkmctk,https://play-lh.googleusercontent.com/kBtGTjKuAMwshWKj9USE93mA-iaERBKoLY1i2I0M-5adZwPlx8izXR8tgK3uc4GTdt6O,"['https://play-lh.googleusercontent.com/eNHuTzAjfYxGjo22mH7f_UPWqP8_9xFd7PAv4H0z6zsWfFzYt57h6YPbyoUmKeFymB0', 'https://play-lh.googleusercontent.com/ZfWfnkC0Yvw2V4-JJp-_9QoXhAkbl4EKVtOT9UAkjWPqF59N7aMLrNMoZcGR1D4oI-R_', 'https://play-lh.googleusercontent.com/rZNXz6HRIqBcQRPUEO7xemfeDyjrUd1097PxfJ2NayTSQYLzA9o2iVpvvoJKyynq2j0', 'https://play-lh.googleusercontent.com/E4PhKQwKpQGhr4Fq4u0DvumlDsET2WLIcCphymizxaD99ydgt-6D16jEd70PP8XgP5c', 'https://play-lh.googleusercontent.com/O_SQYg87TL3_XUcPSFzq97gkYAhn-qybsmgzX7GnXPP8Q3BpzAqb6BV7jx6ryzrcSwo', 'https://play-lh.googleusercontent.com/67NfUX7P_eLMplOneR3TiPuqwco8q_Tg_DU57RYQymxZVPzfGGS1aRaOcZxGwxkhiA']",,,Everyone,,False,False,"Jan 30, 2014","Apr 23, 2024",1713878927,,com.facebook.orca,https://play.google.com/store/apps/details?id=com.facebook.orca&hl=en&gl=us
WhatsApp Messenger,"WhatsApp from Meta is a FREE messaging and video calling app. Itâ€™s used by over 2B people in more than 180 countries. Itâ€™s simple, reliable, and private, so you can easily keep in touch with your friends and family. WhatsApp works across mobile and desktop even on slow connections, with no subscription fees*.

Private messaging across the world

Your personal messages and calls to friends and family are end-to-end encrypted. No one outside of your chats, not even WhatsApp, can read or listen to them.

Simple and secure connections, right away

All you need is your phone number, no user names or logins. You can quickly view your contacts who are on WhatsApp and start messaging.

High quality voice and video calls

Make secure video and voice calls with up to 8 people for free*. Your calls work across mobile devices using your phoneâ€™s Internet service, even on slow connections.

Group chats to keep you in contact

Stay in touch with your friends and family. End-to-end encrypted group chats let you share messages, photos, videos and documents across mobile and desktop.

Stay connected in real time

Share your location with only those in your individual or group chat, and stop sharing at any time. Or record a voice message to connect quickly.

Share daily moments through Status

Status allows you to share text, photos, video and GIF updates that disappear after 24 hours. You can choose to share status posts with all your contacts or just selected ones.

Use WhatsApp on your Wear OS watch to continue conversations, reply to messages, and take calls - all from your wrist. And, leverage tiles and complications to easily access your chats and send voice messages.


*Data charges may apply. Contact your provider for details.

---------------------------------------------------------

If you have any feedback or questions, please go to WhatsApp > Settings > Help > Contact Us","WhatsApp from Meta is a FREE messaging and video calling app. Itâ€™s used by over 2B people in more than 180 countries. Itâ€™s simple, reliable, and private, so you can easily keep in touch with your friends and family. WhatsApp works across mobile and desktop even on slow connections, with no subscription fees*.<br><br>Private messaging across the world<br><br>Your personal messages and calls to friends and family are end-to-end encrypted. No one outside of your chats, not even WhatsApp, can read or listen to them.<br><br>Simple and secure connections, right away<br><br>All you need is your phone number, no user names or logins. You can quickly view your contacts who are on WhatsApp and start messaging.<br><br>High quality voice and video calls<br><br>Make secure video and voice calls with up to 8 people for free*. Your calls work across mobile devices using your phoneâ€™s Internet service, even on slow connections.<br><br>Group chats to keep you in contact<br><br>Stay in touch with your friends and family. End-to-end encrypted group chats let you share messages, photos, videos and documents across mobile and desktop.<br><br>Stay connected in real time<br><br>Share your location with only those in your individual or group chat, and stop sharing at any time. Or record a voice message to connect quickly.<br><br>Share daily moments through Status<br><br>Status allows you to share text, photos, video and GIF updates that disappear after 24 hours. You can choose to share status posts with all your contacts or just selected ones.<br><br>Use WhatsApp on your Wear OS watch to continue conversations, reply to messages, and take calls - all from your wrist. And, leverage tiles and complications to easily access your chats and send voice messages.<br><br><br>*Data charges may apply. Contact your provider for details.<br><br>---------------------------------------------------------<br><br>If you have any feedback or questions, please go to WhatsApp &gt; Settings &gt; Help &gt; Contact Us",Simple. Reliable. Private.,"5,000,000,000+",5000000000,9032501763,4.2189026,189074987,1936247,"[22511084, 7088723, 9699077, 16977233, 132798824]",0,True,USD,False,,,,False,,WhatsApp LLC,WhatsApp+LLC,android@support.whatsapp.com,http://www.whatsapp.com/,"1601 Willow Road
Menlo Park, CA 94025",https://www.whatsapp.com/legal/privacy-policy,Communication,COMMUNICATION,"[{'name': 'Communication', 'id': 'COMMUNICATION'}]",https://play-lh.googleusercontent.com/bYtqbOcTYOlgc6gqZ2rwb8lptHuwlNE75zYJu6Bn076-hTmvd96HH-6v7S0YUAAJXoJN,https://play-lh.googleusercontent.com/aZrXAunkovhf0630Ykz1A7h2rzFX_dErd6fRiB7fNKU_DkNtetTquEra1bjc3sR2kLs,"['https://play-lh.googleusercontent.com/tNuMAclO_TrRn5RbiSo2iU2ySljFaHjCIWoMUSoemUcl4FjTyVO0PpJZL_zTrYf7v_4', 'https://play-lh.googleusercontent.com/ijfSGQUCqeCmCQX0w_HjdSWkiYZoFk5JZ5CsxmGI-qT1VPT8V3wGohMBpWZOAp2o7A', 'https://play-lh.googleusercontent.com/Ck5x7vPWfgXoLvkGqVs5INzV3dzHMYYy4Jr6YVpXDTR-00p_V_kpGABtfXCp9qx10cs', 'https://play-lh.googleusercontent.com/ef3mz9xoDiwk08KB7B6oN0uSqJkxy8yMBwdOl9TGc3rSsOLdYBQlRZqMCduJjJyeBQ', 'https://play-lh.googleusercontent.com/8InPqYGQ-28qwt_mLmm6R3VzbMcf3ZSJNUxO_OJosyLRqPHeStZFtjKskgDvHkanfRUJ', 'https://play-lh.googleusercontent.com/Jt-ttCMUUkZ_-u8DS3MeRrzlWkup3trRGcJrpo5vSIGzxdBs3nk3GkNZ9wWG9zAkfA', 'https://play-lh.googleusercontent.com/GZc67XnRN0XxNTv1J4pTw79lMiQFYKGx5dDEYPEsMUWDgNnHnUoyHg76cn61M3QTwXC5', 'https://play-lh.googleusercontent.com/3VmrU-Se_cvnW6L_skAv6ZC2fut3Fl2XqoZPl74eROsw0gUl4ANSrh8D8M5W6-mSLBI', 'https://play-lh.googleusercontent.com/Lgz--QiIwM5jGw9rCGSMcvocR6ctLyNLdU52FQqNefybXhVhmcaj9Fh_S-QombddtoU5']",,,Everyone,,False,False,"Oct 18, 2010","Apr 24, 2024",1713967903,,com.whatsapp,https://play.google.com/store/apps/details?id=com.whatsapp&hl=en&gl=us
Telegram,"Pure instant messaging â€” simple, fast, secure, and synced across all your devices. One of the world's top 10 most downloaded apps with over 800 million active users.

FAST: Telegram is the fastest messaging app on the market, connecting people via a unique, distributed network of data centers around the globe.

SYNCED: You can access your messages from all your phones, tablets and computers at once. Telegram apps are standalone, so you donâ€™t need to keep your phone connected. Start typing on one device and finish the message from another. Never lose your data again.

UNLIMITED: You can send media and files, without any limits on their type and size. Your entire chat history will require no disk space on your device, and will be securely stored in the Telegram cloud for as long as you need it. 

SECURE: We made it our mission to provide the best security combined with ease of use. Everything on Telegram, including chats, groups, media, etc. is encrypted using a combination of 256-bit symmetric AES encryption, 2048-bit RSA encryption, and Diffieâ€“Hellman secure key exchange. 

100% FREE & OPEN: Telegram has a fully documented and free API for developers, open source apps and verifiable builds to prove the app you download is built from the exact same source code that is published. 

POWERFUL: You can create group chats with up to 200,000 members, share large videos, documents of any type (.DOCX, .MP3, .ZIP, etc.) up to 2 GB each, and even set up bots for specific tasks. Telegram is the perfect tool for hosting online communities and coordinating teamwork.

RELIABLE: Built to deliver your messages using as little data as possible, Telegram is the most reliable messaging system ever made. It works even on the weakest mobile connections. 

FUN: Telegram has powerful photo and video editing tools, animated stickers and emoji, fully customizable themes to change the appearance of your app, and an open sticker/GIF platform to cater to all your expressive needs.

SIMPLE: While providing an unprecedented array of features, we take great care to keep the interface clean. Telegram is so simple you already know how to use it.

PRIVATE: We take your privacy seriously and will never give any third parties access to your data. You can delete any message you ever sent or received for both sides, at any time and without a trace. Telegram will never use your data to show you ads.

For those interested in maximum privacy, Telegram offers Secret Chats. Secret Chat messages can be programmed to self-destruct automatically from both participating devices. This way you can send all types of disappearing content â€” messages, photos, videos, and even files. Secret Chats use End-to-End Encryption to ensure that a message can only be read by its intended recipient.

We keep expanding the boundaries of what you can do with a messaging app. Donâ€™t wait years for older messengers to catch up with Telegram â€” join the revolution today.","Pure instant messaging â€” simple, fast, secure, and synced across all your devices. One of the world&#39;s top 10 most downloaded apps with over 800 million active users.<br><br>FAST: Telegram is the fastest messaging app on the market, connecting people via a unique, distributed network of data centers around the globe.<br><br>SYNCED: You can access your messages from all your phones, tablets and computers at once. Telegram apps are standalone, so you donâ€™t need to keep your phone connected. Start typing on one device and finish the message from another. Never lose your data again.<br><br>UNLIMITED: You can send media and files, without any limits on their type and size. Your entire chat history will require no disk space on your device, and will be securely stored in the Telegram cloud for as long as you need it. <br><br>SECURE: We made it our mission to provide the best security combined with ease of use. Everything on Telegram, including chats, groups, media, etc. is encrypted using a combination of 256-bit symmetric AES encryption, 2048-bit RSA encryption, and Diffieâ€“Hellman secure key exchange. <br><br>100% FREE &amp; OPEN: Telegram has a fully documented and free API for developers, open source apps and verifiable builds to prove the app you download is built from the exact same source code that is published. <br><br>POWERFUL: You can create group chats with up to 200,000 members, share large videos, documents of any type (.DOCX, .MP3, .ZIP, etc.) up to 2 GB each, and even set up bots for specific tasks. Telegram is the perfect tool for hosting online communities and coordinating teamwork.<br><br>RELIABLE: Built to deliver your messages using as little data as possible, Telegram is the most reliable messaging system ever made. It works even on the weakest mobile connections. <br><br>FUN: Telegram has powerful photo and video editing tools, animated stickers and emoji, fully customizable themes to change the appearance of your app, and an open sticker/GIF platform to cater to all your expressive needs.<br><br>SIMPLE: While providing an unprecedented array of features, we take great care to keep the interface clean. Telegram is so simple you already know how to use it.<br><br>PRIVATE: We take your privacy seriously and will never give any third parties access to your data. You can delete any message you ever sent or received for both sides, at any time and without a trace. Telegram will never use your data to show you ads.<br><br>For those interested in maximum privacy, Telegram offers Secret Chats. Secret Chat messages can be programmed to self-destruct automatically from both participating devices. This way you can send all types of disappearing content â€” messages, photos, videos, and even files. Secret Chats use End-to-End Encryption to ensure that a message can only be read by its intended recipient.<br><br>We keep expanding the boundaries of what you can do with a messaging app. Donâ€™t wait years for older messengers to catch up with Telegram â€” join the revolution today.",Telegram is a messaging app with a focus on speed and security.,"1,000,000,000+",1000000000,1891032720,4.2450066,13778064,152644,"[1719336, 403565, 630618, 1052977, 9971522]",0,True,USD,False,,,,True,$4.99 - $289.99 per item,Telegram FZ-LLC,Telegram+FZ-LLC,support@telegram.org,https://telegram.org,,https://telegram.org/privacy,Communication,COMMUNICATION,"[{'name': 'Communication', 'id': 'COMMUNICATION'}]",https://play-lh.googleusercontent.com/ZU9cSsyIJZo6Oy7HTHiEPwZg0m2Crep-d5ZrfajqtsH-qgUXSqKpNA2FpPDTn-7qA5Q,https://play-lh.googleusercontent.com/pgiel6OzR01do2sPxONlteJ5_GAwD6W-JpiF98hdns3XinShKZkziUd1B8sG-8qa,"['https://play-lh.googleusercontent.com/wlwY1vowGxTrvQMRDHJD21iYBG7S_E09QbKPY-L6dqEc4UxCi0fDQiNuCBonFYED1yU', 'https://play-lh.googleusercontent.com/xdjWKko-a2DFtICA6tfP0vXSBIDTFl_iprhVQb9HnS-rGjyR1wZckqM721qHsF-2z0U', 'https://play-lh.googleusercontent.com/NaeXtT-aGP9_R8LROs3XyWVc6eU7sxYuuywNwg3c99AjRtj6cCoPaJynhP0t8uynF6hm', 'https://play-lh.googleusercontent.com/J5JG9T92CSZopWKloI00_DsmyQprRvEwItBwPkESjcAlIKy5v4ae3T4pmbH1sWFf3RTQ', 'https://play-lh.googleusercontent.com/9HoCw2kOVFD504YpjDyk1Aa5WtcbDsxS_wesF-yT-5iHEvRgHZXT22g2clFXGGwoCTOt', 'https://play-lh.googleusercontent.com/bDGf2oHe1y_uaFE6XCh2kYicn3-1yiLMTI5hae9s5zMaNPzOpj04An1URWQyw5m5JhA', 'https://play-lh.googleusercontent.com/v0zodHEHUcMgUZSK490M9L5c3Grk5pkDHL-TTdfQK3098Wg0W2bxbK1-cmgN9aKEuQ', 'https://play-lh.googleusercontent.com/-4x3oxK3bMWXTpwPrlai_HYHcHnH_sa8KvYj5KvYPwjSZV7rsg4kpIafYhfnRvBsUtc']",,,Mature 17+,,False,False,"Sep 6, 2013","Apr 23, 2024",1713888222,10.12.0,org.telegram.messenger,https://play.google.com/store/apps/details?id=org.telegram.messenger&hl=en&gl=us
Facebook,"Whether youâ€™re looking for a spark of inspiration with reels or want to dive deeper into something you already love with Marketplace or in groups, you can discover ideas, experiences and people that fuel your interests and help you make progress on the things that matter to you on Facebook.

Explore and expand your interests:
* Shop for affordable and uncommon stuff on Marketplace and take your hobbies to the next level
* Personalize your Feed to see more of what you like, less of what you donâ€™t
* Watch reels for quick entertainment that sparks inspiration
* Discover creators, small businesses and communities who can help you dive deeper into the things you care about

Connect with people and communities:
* Join groups to learn tips and tricks from real people whoâ€™ve been there, done that
* Catch up with friends, family and influencers through Feed and stories

Share your world:
* Effortlessly create reels from trending templates, or let your creativity shine with a full suite of editing tools
* Customize your profile to choose how you show up and who you share your posts with
* Turn your hobby into a side hustle by becoming a creator or selling things on Marketplace
* Celebrate everyday, candid moments with stories, which disappear in 24 hours

Consumer Health Privacy Policy: https://www.facebook.com/privacy/policies/health","Whether youâ€™re looking for a spark of inspiration with reels or want to dive deeper into something you already love with Marketplace or in groups, you can discover ideas, experiences and people that fuel your interests and help you make progress on the things that matter to you on Facebook.<br><br>Explore and expand your interests:<br>* Shop for affordable and uncommon stuff on Marketplace and take your hobbies to the next level<br>* Personalize your Feed to see more of what you like, less of what you donâ€™t<br>* Watch reels for quick entertainment that sparks inspiration<br>* Discover creators, small businesses and communities who can help you dive deeper into the things you care about<br><br>Connect with people and communities:<br>* Join groups to learn tips and tricks from real people whoâ€™ve been there, done that<br>* Catch up with friends, family and influencers through Feed and stories<br><br>Share your world:<br>* Effortlessly create reels from trending templates, or let your creativity shine with a full suite of editing tools<br>* Customize your profile to choose how you show up and who you share your posts with<br>* Turn your hobby into a side hustle by becoming a creator or selling things on Marketplace<br>* Celebrate everyday, candid moments with stories, which disappear in 24 hours<br><br>Consumer Health Privacy Policy: https://www.facebook.com/privacy/policies/health",Explore the things you love,"5,000,000,000+",5000000000,9519405848,3.81633,143002743,4217712,"[31618797, 5164223, 7471709, 12356759, 86391233]",0,True,USD,False,,,,True,"$0.05 - $2,499.99 per item","Meta Platforms, Inc.","Meta+Platforms,+Inc.",facebook.android@fb.com,https://www.facebook.com/facebook,"1 Hacker Way
Menlo Park, CA 94025",https://www.facebook.com/about/privacy/,Social,SOCIAL,"[{'name': 'Social', 'id': 'SOCIAL'}]",https://play-lh.googleusercontent.com/KCMTYuiTrKom4Vyf0G4foetVOwhKWzNbHWumV73IXexAIy5TTgZipL52WTt8ICL-oIo,https://play-lh.googleusercontent.com/GQXolHad8JJu_qR90bF9krWLP66RimpNgskSMXEcmoZ1znWfgsB8uCtM1uGC0n_lMA,"['https://play-lh.googleusercontent.com/W_Y8ucZDrPOv9fBnDMF_s8y1e7NEsuw5_X3J3kE2dneQrzIB-K4Q4hv4bxcFuPnkhg', 'https://play-lh.googleusercontent.com/PTAbVSQOLpXQeVrzjQDNDUjPUp8C2Kr6PnO_Jh-p7s9eScuwZ4Y3x1U1W39rBeHieEg', 'https://play-lh.googleusercontent.com/xL67taOKGP0WLg28H6s3Jf2xDL3F4_Tj4O4a9Exs7u19muZFcFzuChk2zgMqec7umA', 'https://play-lh.googleusercontent.com/kvvzjEmtQU0wDB3hUHyBuu0N2QRshAWu3RBTKEPZOisYgGBa3P3UxU71rYzLPHcqals', 'https://play-lh.googleusercontent.com/xxpLCl7SsEBouBCJLLsvDaKP9cMszUysS2S7U0hWMX7PA0TkvCNjg-NAsE-h-IpkGysJ']",,,Teen,,True,True,,"Apr 23, 2024",1713933970,,com.facebook.katana,https://play.google.com/store/apps/details?id=com.facebook.katana&hl=en&gl=us
Facebook Lite,"Keeping up with friends is faster and easier than ever with the Facebook Lite app! Use Facebook Lite as a friends app to connect and keep up with your social network. The Facebook Lite app is small, allowing you to save space on your phone and use Facebook in 2G conditions. Many of the classic features of Facebook are available on the app, such as sharing to a Timeline, liking photos, searching for people, and editing your profile and groups. Specific features include:
 
 â€¢ Find friends and family
 â€¢ Post status updates & use Facebook emoji to help relay whatâ€™s going on in your world
 â€¢ Share photos and your favorite memes
 â€¢ Get notified when friends like and comment on your posts
 â€¢ Find local social events, RSVP, and make plans to meet up with friends
 â€¢ Interact with your friends by adding your own comments or reactions to their Facebook posts
 â€¢ Save photos by adding them to photo albums
 â€¢ Follow people to get their latest news
 â€¢ Look up local businesses to see reviews, operation hours, and pictures
 â€¢ Buy and sell locally on Facebook Marketplace
 
The Facebook app does more than help you stay connected with your friends and interests. It's also your personal organizer for storing, saving and sharing photos. It's easy to share photos straight from your Android camera, and you have full control over your photos and privacy settings. You can choose when to keep individual photos private or even set up a secret photo album to control who sees it.
 
Facebook Lite also helps you keep up with the latest news and current events around the world. Subscribe to your favorite celebrities, brands, websites, artists, or sports teams to follow their News Feeds from the convenience of your Facebook Lite app!

Consumer Health Privacy Policy: https://www.facebook.com/privacy/policies/health 
Problems with downloading or installing the app? See https://www.facebook.com/help/fblite 
Still need help? Please tell us more about the issue: https://www.facebook.com/help/contact/640732869364975
Facebook is only available to people aged 13 and over.
Terms of Service: http://m.facebook.com/terms.php","Keeping up with friends is faster and easier than ever with the Facebook Lite app! Use Facebook Lite as a friends app to connect and keep up with your social network. The Facebook Lite app is small, allowing you to save space on your phone and use Facebook in 2G conditions. Many of the classic features of Facebook are available on the app, such as sharing to a Timeline, liking photos, searching for people, and editing your profile and groups. Specific features include:<br> <br> â€¢ Find friends and family<br> â€¢ Post status updates &amp; use Facebook emoji to help relay whatâ€™s going on in your world<br> â€¢ Share photos and your favorite memes<br> â€¢ Get notified when friends like and comment on your posts<br> â€¢ Find local social events, RSVP, and make plans to meet up with friends<br> â€¢ Interact with your friends by adding your own comments or reactions to their Facebook posts<br> â€¢ Save photos by adding them to photo albums<br> â€¢ Follow people to get their latest news<br> â€¢ Look up local businesses to see reviews, operation hours, and pictures<br> â€¢ Buy and sell locally on Facebook Marketplace<br> <br>The Facebook app does more than help you stay connected with your friends and interests. It&#39;s also your personal organizer for storing, saving and sharing photos. It&#39;s easy to share photos straight from your Android camera, and you have full control over your photos and privacy settings. You can choose when to keep individual photos private or even set up a secret photo album to control who sees it.<br> <br>Facebook Lite also helps you keep up with the latest news and current events around the world. Subscribe to your favorite celebrities, brands, websites, artists, or sports teams to follow their News Feeds from the convenience of your Facebook Lite app!<br><br>Consumer Health Privacy Policy: https://www.facebook.com/privacy/policies/health <br>Problems with downloading or installing the app? See https://www.facebook.com/help/fblite <br>Still need help? Please tell us more about the issue: https://www.facebook.com/help/contact/640732869364975<br>Facebook is only available to people aged 13 and over.<br>Terms of Service: http://m.facebook.com/terms.php",This version of Facebook uses less data and works in all network conditions.,"1,000,000,000+",1000000000,3176418545,3.4782193,26172166,116683,"[8041895, 956981, 1344698, 2099905, 13728476]",0,True,USD,False,,,,True,$0.49 - $179.99 per item,"Meta Platforms, Inc.","Meta+Platforms,+Inc.",lite-android-support@fb.com,https://www.facebook.com/facebook,"1 Hacker Way
Menlo Park, CA 94025",https://www.facebook.com/about/privacy/,Social,SOCIAL,"[{'name': 'Social', 'id': 'SOCIAL'}]",https://play-lh.googleusercontent.com/U202Yto9o6IT1ZA8bgigA5q4nIzvu0S9ztl2d0WQSj6Iw0hIw5W7SIAnH0U2-Kk3nao,https://play-lh.googleusercontent.com/3ZDw6FMSCZg8hhdqzGBg1jk8_YDG9vORusUTNoflU8VtV9JqxGSbS6Nuoq0iommFWUU,"['https://play-lh.googleusercontent.com/3Esly3MwF73g4dB4IuxmMoJQh7qgy7Hh5XCpuPET0zvK0zBISlEXhdzjXvnm5njLhQ', 'https://play-lh.googleusercontent.com/jXWmqxZrKatY_sBgiwFI1uxvW7LLgekO5yjq6wYBO8z7NyzB31UA86Oe4oHA4ykyu8g', 'https://play-lh.googleusercontent.com/hVqMQECzExQOUJB8wJ4A6-rwMh3nh47PDT4Z_c9xBsxQcMjEDmnTJ-pLe2BX9pkw95NK', 'https://play-lh.googleusercontent.com/ghEy2j7mgZGm27lm9hZ52jjlsbMfsDXs8tVL_-VdsdJP0Mb4Rs1qCiibfccV-v3QSTQ', 'https://play-lh.googleusercontent.com/aP8WwgvrIqi_I8Lp-lAkm-Cw-bbo0tTzqPX2tpqJa8FEty4vMfxJorJB0bVQVySUFw']",,,Teen,,True,True,"Mar 15, 2018","Apr 24, 2024",1713961419,,com.facebook.lite,https://play.google.com/store/apps/details?id=com.facebook.lite&hl=en&gl=us
Snapchat,"Snapchat is a fast and fun way to share the moment with your friends and family ðŸ‘»

SNAP 
â€¢ Snapchat opens right to the Camera â€” just tap to take a photo, or press and hold for video.
â€¢ Express yourself with Lenses, Filters, Bitmoji and more! 
â€¢ Try out new Lenses daily created by the Snapchat community!

CHAT 
â€¢ Stay in touch with friends through live messaging, or share your day with Group Stories.
â€¢ Video Chat with up to 16 friends at once â€” you can even use Lenses and Filters when chatting!
â€¢ Express yourself with Friendmojis â€” exclusive Bitmoji made just for you and a friend.

STORIES
â€¢ Watch friends' Stories to see their day unfold.
â€¢ See Stories from the Snapchat community that are based on your interests.
â€¢ Discover breaking news and exclusive Original Shows.

SPOTLIGHT
â€¢ Spotlight showcases the best of Snapchat!
â€¢ Submit your own Snaps or sit back, relax, and watch.
â€¢ Pick your favorites and share them with friends.

MAP 
â€¢ Share your location with your best friends or go off the grid with Ghost Mode.
â€¢ See what your friends are up to on your most personal map when they share their location with you. 
â€¢ Explore live Stories from the community nearby or across the world!

MEMORIES 
â€¢ Save unlimited photos and videos of all your favorite moments.
â€¢ Edit and send old moments to friends or save them to your Camera Roll.
â€¢ Create Stories from your favorite Memories to share with friends and family.

FRIENDSHIP PROFILE 
â€¢ Every friendship has its own special profile to see the moments youâ€™ve saved together.
â€¢ Discover new things you have in common with Charms â€” see how long youâ€™ve been friends, your astrological compatibility, your Bitmoji fashion sense, and more!
â€¢ Friendship Profiles are just between you and a friend, so you can bond over what makes your friendship special.

Happy Snapping!

â€¢ â€¢ â€¢

Please note: Snapchatters can always capture or save your messages by taking a screenshot, using a camera, or otherwise. Be mindful of what you Snap!

For a full description of our privacy practices, please see our Privacy Center.","Snapchat is a fast and fun way to share the moment with your friends and family ðŸ‘»<br><br>SNAP <br>â€¢ Snapchat opens right to the Camera â€” just tap to take a photo, or press and hold for video.<br>â€¢ Express yourself with Lenses, Filters, Bitmoji and more! <br>â€¢ Try out new Lenses daily created by the Snapchat community!<br><br>CHAT <br>â€¢ Stay in touch with friends through live messaging, or share your day with Group Stories.<br>â€¢ Video Chat with up to 16 friends at once â€” you can even use Lenses and Filters when chatting!<br>â€¢ Express yourself with Friendmojis â€” exclusive Bitmoji made just for you and a friend.<br><br>STORIES<br>â€¢ Watch friends&#39; Stories to see their day unfold.<br>â€¢ See Stories from the Snapchat community that are based on your interests.<br>â€¢ Discover breaking news and exclusive Original Shows.<br><br>SPOTLIGHT<br>â€¢ Spotlight showcases the best of Snapchat!<br>â€¢ Submit your own Snaps or sit back, relax, and watch.<br>â€¢ Pick your favorites and share them with friends.<br><br>MAP <br>â€¢ Share your location with your best friends or go off the grid with Ghost Mode.<br>â€¢ See what your friends are up to on your most personal map when they share their location with you. <br>â€¢ Explore live Stories from the community nearby or across the world!<br><br>MEMORIES <br>â€¢ Save unlimited photos and videos of all your favorite moments.<br>â€¢ Edit and send old moments to friends or save them to your Camera Roll.<br>â€¢ Create Stories from your favorite Memories to share with friends and family.<br><br>FRIENDSHIP PROFILE <br>â€¢ Every friendship has its own special profile to see the moments youâ€™ve saved together.<br>â€¢ Discover new things you have in common with Charms â€” see how long youâ€™ve been friends, your astrological compatibility, your Bitmoji fashion sense, and more!<br>â€¢ Friendship Profiles are just between you and a friend, so you can bond over what makes your friendship special.<br><br>Happy Snapping!<br><br>â€¢ â€¢ â€¢<br><br>Please note: Snapchatters can always capture or save your messages by taking a screenshot, using a camera, or otherwise. Be mindful of what you Snap!<br><br>For a full description of our privacy practices, please see our Privacy Center.",Share the moment!,"1,000,000,000+",1000000000,2955812583,4.041753,34346423,1756497,"[5290361, 1343072, 2134894, 3451857, 22126216]",0,True,USD,False,,,,True,$0.49 - $399.99 per item,Snap Inc,Snap+Inc,snapchat@snap.com,http://www.snapchat.com,"2772 Donald Douglas Loop, North
Santa Monica, CA 90405
USA",http://www.snapchat.com/privacy,Communication,COMMUNICATION,"[{'name': 'Communication', 'id': 'COMMUNICATION'}]",https://play-lh.googleusercontent.com/KxeSAjPTKliCErbivNiXrd6cTwfbqUJcbSRPe_IBVK_YmwckfMRS1VIHz-5cgT09yMo,https://play-lh.googleusercontent.com/OA9DcLdOtGCWUESkn7Jbc5lBJuPrleroAwL2QX2R3fIXrR-Mkhn1CWitj_ioDZGJ,"['https://play-lh.googleusercontent.com/xKCYMMuIshGmxLVckXnGYsdorvBxF0oI58Yt82Vkj_cn3Dby52gdrt4Lmr7BTYiVww', 'https://play-lh.googleusercontent.com/yoN8h1j4M0Axz1UK2-iyPOmlQmIHqZ1tO8p7PjRicfmyPxj3-rztyB3YImG58zeMvOI', 'https://play-lh.googleusercontent.com/3KtSEofVcRIQUWQnq814EYI7xo61uD6Cg1tvWdYTPUXweFMjv7HkA9b9FVmt3zYDkSau', 'https://play-lh.googleusercontent.com/CHV1Yg5KonaNU_HHXG_Iol6zn7bAQ0b0o868LTPyh9bCLoZDu0GM8EJxBQ4zTcMfy90', 'https://play-lh.googleusercontent.com/Mbz03v3wiyrsITveiF4UO9dj_XNo1WpGw7ZoTSISZZmu3Nl1fu1uuDK3k-WwmaLJYWY', 'https://play-lh.googleusercontent.com/OfIjocrhVT1G54fmxhNKm9mhNa2bQOOryyxiWc2Wk6AAcCZheJ7JTtNhusl9G_c5lQ', 'https://play-lh.googleusercontent.com/Bj1VhBkftmSTR7VxeWV0IISO5bw9EQ8Nk7hjMYHHmy5EgkLhr82SdGm4xJcQwB87d44', 'https://play-lh.googleusercontent.com/RHW0l21p3QP3ZaU2uS7JU_s0-UNrjivC9VhiGBwB1hB0Q4ALY8oWH_6Hd8BTizCEXYE', 'https://play-lh.googleusercontent.com/4vv5v0XDIBP5mgAVI35TeVBQs6TQo833lmw0KNh2VeC_A90KwX-Et33ERZt8VSZsv5H1', 'https://play-lh.googleusercontent.com/cHT1Ucscqr--I8NjhLkJ3KdXmiyQ9rAnrZ7htCeydaqTQFm-_DE8cW7J6UGp8X4H0to', 'https://play-lh.googleusercontent.com/XOuFVQaGHmCLzdNRC9sPBXDxP9OdzeECJwoae28hjQyWCj8j8y0gwaQonj8W4JGxuq8C']",,,Teen,,True,True,"Oct 29, 2012","Apr 24, 2024",1713994595,12.83.0.37,com.snapchat.android,https://play.google.com/store/apps/details?id=com.snapchat.android&hl=en&gl=us
Linky: Chat with Characters AI,"Get ready to dive into an AI world compiled by various characters ai, including anime characters.

With Linky, your digital persona becomes an authentic extension of yourself. Engage in dynamic conversations and interactions that bring your personality, language expressions, and emotional reactions to life in the digital realm.

With the powerful AI chatbot technologies and transformative features of Linky, you can:

Chat with Various Characters AI: Linky is a great platform offering a wide range of AI characters with varied personalities. It's fantastic that anyone can find someone they can connect with and have a conversation with at any time of the day. You can talk with them about anything for free with no limitations.

Immersive AI Chat Roleplay: All the characters in Linky are capable of roleplay. You can really get into the experience and ask the characters to become anyone you desire. Roleplay can be a fun way to interact with others and explore different characters and scenarios.

Draw and Collect Unique Cards: Linky has three different types of magic cards. Each card contains a one-of-a-kind selfie of the characters you chat with and a secret plot that is based on the conversation's content, bringing excitement and unpredictability to the experience.

Generate New Characters in One Click: Linky has powerful and advanced AI character generation technology. With one click, you can generate a character with a full personality and avatar. This saves a lot of time and effort while providing a unique and personalized experience.

Personalized Digital Cloning: Engage in interactive conversations and self-reflection to create an authentic digital representation of yourself. Linky captures factual information and nuances of your social expressions and emotional responses, reflecting your unique persona.

Social Scenario Simulation: Harness the capabilities of your digital persona to predict and model social interactions. Explore a diverse range of scenarios, leveraging your personality traits to engage in continuous and meaningful exchanges with strangers, ultimately fostering relationships that transcend limitations.

Unconscious Data Generation: Seamlessly record your activities within the community, consciously or unconsciously. Linky serves as a platform to unconsciously nurture your digital clone, preserving your memories and experiences in the digital realm and granting your digital immortality.

Endless Possibilities: Embrace the limitless possibilities of integrating AI characters within your existing relationships and communities. Linky empowers you to explore AI integration's evolving forms and manifestations, enriching your social world in ways you've never imagined.

Are you ready to embrace the future of digital communities? Join Linky today and embark on a transformative social journey that transcends boundaries and unlocks new dimensions of connection.

Terms of Use: https://support.linke.ai/terms-of-service
Privacy Policy: https://support.linke.ai/privacy-policy
Contact us: support@linke.ai","Get ready to dive into an AI world compiled by various characters ai, including anime characters.<br><br>With Linky, your digital persona becomes an authentic extension of yourself. Engage in dynamic conversations and interactions that bring your personality, language expressions, and emotional reactions to life in the digital realm.<br><br>With the powerful AI chatbot technologies and transformative features of Linky, you can:<br><br>Chat with Various Characters AI: Linky is a great platform offering a wide range of AI characters with varied personalities. It&#39;s fantastic that anyone can find someone they can connect with and have a conversation with at any time of the day. You can talk with them about anything for free with no limitations.<br><br>Immersive AI Chat Roleplay: All the characters in Linky are capable of roleplay. You can really get into the experience and ask the characters to become anyone you desire. Roleplay can be a fun way to interact with others and explore different characters and scenarios.<br><br>Draw and Collect Unique Cards: Linky has three different types of magic cards. Each card contains a one-of-a-kind selfie of the characters you chat with and a secret plot that is based on the conversation&#39;s content, bringing excitement and unpredictability to the experience.<br><br>Generate New Characters in One Click: Linky has powerful and advanced AI character generation technology. With one click, you can generate a character with a full personality and avatar. This saves a lot of time and effort while providing a unique and personalized experience.<br><br>Personalized Digital Cloning: Engage in interactive conversations and self-reflection to create an authentic digital representation of yourself. Linky captures factual information and nuances of your social expressions and emotional responses, reflecting your unique persona.<br><br>Social Scenario Simulation: Harness the capabilities of your digital persona to predict and model social interactions. Explore a diverse range of scenarios, leveraging your personality traits to engage in continuous and meaningful exchanges with strangers, ultimately fostering relationships that transcend limitations.<br><br>Unconscious Data Generation: Seamlessly record your activities within the community, consciously or unconsciously. Linky serves as a platform to unconsciously nurture your digital clone, preserving your memories and experiences in the digital realm and granting your digital immortality.<br><br>Endless Possibilities: Embrace the limitless possibilities of integrating AI characters within your existing relationships and communities. Linky empowers you to explore AI integration&#39;s evolving forms and manifestations, enriching your social world in ways you&#39;ve never imagined.<br><br>Are you ready to embrace the future of digital communities? Join Linky today and embark on a transformative social journey that transcends boundaries and unlocks new dimensions of connection.<br><br>Terms of Use: https://support.linke.ai/terms-of-service<br>Privacy Policy: https://support.linke.ai/privacy-policy<br>Contact us: support@linke.ai","Linky, an unprecedented AI chatbot, brings influencers to your real world!","1,000,000+",1000000,1729150,4.5319905,13256,3344,"[768, 186, 408, 1742, 10146]",0,True,USD,False,,,,True,$0.99 - $99.99 per item,Skywork AI Pte. Ltd.,5881009764117737760,support@linke.ai,https://api.linke.ai/,,https://support.linke.ai/privacy-policy,Social,SOCIAL,"[{'name': 'Social', 'id': 'SOCIAL'}]",https://play-lh.googleusercontent.com/Cc1k6UVzplSZoPPtZuGvhSucvceLuoJB294uRQFs22Jeh8B4V43GCN9QxGg4QFIi6y_s,https://play-lh.googleusercontent.com/JUiUp6Xp21tMRO7K2TEotL4cMF56SGICcr9vyCOGk8KnnF1UL5SaLJpR6to_bDuAIKo,"['https://play-lh.googleusercontent.com/r4q1eZsDijunMzJczTNaAs_xqo2RWYAn8L6pb0J-TvV73phlUxcMmjLy54O6olhw7Wo', 'https://play-lh.googleusercontent.com/FSAlnmIKNENYFxN1im_Z_NemIxQm-FBuxSEopSP0N_phaH6-6PV3hiLgRuZBDRSNhFKc', 'https://play-lh.googleusercontent.com/MyConx15R236k8VAuiqviNJ-DoOeH9VDr_nzBU5N1SWN_GCWOx7eWGqoKGpvGey0dAM', 'https://play-lh.googleusercontent.com/aslCm89h37h3sH5tDw9H7BhO8aeEY5rMcQp-2DXFSv2ZzKbB8uyBLbG-iHnRIcgYlA4', 'https://play-lh.googleusercontent.com/aPm3i_8xr4J0rqdGefv0USpGORGMwkQX2l0zCvQ7DxWezXxwSRF456L1esXOked5VAw', 'https://play-lh.googleusercontent.com/05M46TnU8mxLXKDVtpAgRDEP8Cuif0jLdM3Oh-MKQqcX8y31PvtnPjosiaxEwXpkiF8']",,,Mature 17+,,True,True,"Jul 3, 2023","Apr 25, 2024",1714072615,1.31.1,com.aigc.ushow.ichat,https://play.google.com/store/apps/details?id=com.aigc.ushow.ichat&hl=en&gl=us
Reddit,"Welcome to Reddit, the heart of the internet.
Reddit is a social media platform with something for everyone: trending topics, diverse anonymous conversations, fun content an engaging community for every interest, and comment threads.
Redditors have authentic and interesting conversations around all sorts of interesting and funny content. Youâ€™ll find gaming communities, insightful bloggers, meme-makers, anonymous posts, expert opinions, passionate TV fandoms, travel enthusiasts, support groups, AI forums, news junkies, artists, the latest celeb gossip, and creators of all types. Start exploring and find your forum, where youâ€™ll meet like-minded people!
Reddit has over 100,000 online communities (forums where members post and comment anonymously) dedicated to specific topics. Some of the most popular communities are:
â–  r/AskReddit, where users can ask and answer questions on the largest Q&A forum
â–  r/funny, which is full of humorous content, jokes, puns, and hilarious memes
â–  r/science, for scientific discussions and breaking news from the science community
â–  r/gifs, where you can find your favorite gif  (and tons of funny gifs) and share it to make your friend laugh

On Reddit youâ€™ll find:
â–  Thousands of community groups, interesting people and bloggers sharing a wealth of original content.
Breaking news, leaked gossip , entertainment news, social media trends, sports highlights, TV fan theories, technology forums, open AI discussions, pop culture debates and personalized content, there's a community for everyone.
â–  Loads of laughs
Find popular memes, oddly satisfying videos, funny cat videos, and more to help you lose track of time.
â–  AMAs, or ""Ask Me Anything"" - unfiltered Q&A sessions with celebrities, politicians, and experts who join to answer questions honestly.
Celebrities, politicians, and experts answer questions from users. 
â–  The best discussions on any topic
Redditâ€™s discussion threads are where community members jump in with humor and insights for conversations about anything; pop culture, sports, entertainment, leaked news, gossip or career or financial advice.
â–  Get answers to anonymous questions 
Ask communities anything you want. Ask questions on relationships, mental health, parenting, career help, fitness plans, and more. Reddit's hive mind is the most helpful Q&A community, with all questions being answered right away!
â–  Anonymous profiles so you can be YOURSELF
Connect with people about any topic, join interactive community groups or threads, and chat with other redditors, all anonymously. Donâ€™t be afraid to release your voice and debate people from all over the world!

Voting and Karma:
Instead of likes and hearts, Redditâ€™s social network runs on upvotes or downvotes. Voting on posts and comments increase or decrease the creatorâ€™s karma, and helps popular and relevant posts rise to the top, while filtering out low-quality or irrelevant posts.
While karma doesn't directly impact your ability to use Reddit, more karma can increase postsâ€™ visibility and help you get noticed. Some communities require karma to post or comment, which helps maintain content quality and community standards.

Join the largest social media platform and discover everything that piques your interest!

Reddit Premium:
Purchase Reddit Premium to enjoy an ads-free experience and access to premium avatar gear, r/lounge, custom app icons, and more.

Payment will be charged on a recurring monthly or annual basis to your Google Play account. Your monthly or annual Premium subscription will automatically renew unless you cancel at least 24 hours before your subscription ends. Cancel anytime in your deviceâ€™s Account Settings. No partial refunds.

Privacy Policy: https://www.redditinc.com/policies/privacy-policy  
User Agreement: https://www.redditinc.com/policies/user-agreement  
Content Policy: https://www.redditinc.com/policies/content-policy 

If you have any problems with the app, get support at RedditHelp.com","Welcome to Reddit, the heart of the internet.<br>Reddit is a social media platform with something for everyone: trending topics, diverse anonymous conversations, fun content an engaging community for every interest, and comment threads.<br>Redditors have authentic and interesting conversations around all sorts of interesting and funny content. Youâ€™ll find gaming communities, insightful bloggers, meme-makers, anonymous posts, expert opinions, passionate TV fandoms, travel enthusiasts, support groups, AI forums, news junkies, artists, the latest celeb gossip, and creators of all types. Start exploring and find your forum, where youâ€™ll meet like-minded people!<br>Reddit has over 100,000 online communities (forums where members post and comment anonymously) dedicated to specific topics. Some of the most popular communities are:<br>â–  r/AskReddit, where users can ask and answer questions on the largest Q&amp;A forum<br>â–  r/funny, which is full of humorous content, jokes, puns, and hilarious memes<br>â–  r/science, for scientific discussions and breaking news from the science community<br>â–  r/gifs, where you can find your favorite gif  (and tons of funny gifs) and share it to make your friend laugh<br><br>On Reddit youâ€™ll find:<br>â–  Thousands of community groups, interesting people and bloggers sharing a wealth of original content.<br>Breaking news, leaked gossip , entertainment news, social media trends, sports highlights, TV fan theories, technology forums, open AI discussions, pop culture debates and personalized content, there&#39;s a community for everyone.<br>â–  Loads of laughs<br>Find popular memes, oddly satisfying videos, funny cat videos, and more to help you lose track of time.<br>â–  AMAs, or &quot;Ask Me Anything&quot; - unfiltered Q&amp;A sessions with celebrities, politicians, and experts who join to answer questions honestly.<br>Celebrities, politicians, and experts answer questions from users. <br>â–  The best discussions on any topic<br>Redditâ€™s discussion threads are where community members jump in with humor and insights for conversations about anything; pop culture, sports, entertainment, leaked news, gossip or career or financial advice.<br>â–  Get answers to anonymous questions <br>Ask communities anything you want. Ask questions on relationships, mental health, parenting, career help, fitness plans, and more. Reddit&#39;s hive mind is the most helpful Q&amp;A community, with all questions being answered right away!<br>â–  Anonymous profiles so you can be YOURSELF<br>Connect with people about any topic, join interactive community groups or threads, and chat with other redditors, all anonymously. Donâ€™t be afraid to release your voice and debate people from all over the world!<br><br>Voting and Karma:<br>Instead of likes and hearts, Redditâ€™s social network runs on upvotes or downvotes. Voting on posts and comments increase or decrease the creatorâ€™s karma, and helps popular and relevant posts rise to the top, while filtering out low-quality or irrelevant posts.<br>While karma doesn&#39;t directly impact your ability to use Reddit, more karma can increase postsâ€™ visibility and help you get noticed. Some communities require karma to post or comment, which helps maintain content quality and community standards.<br><br>Join the largest social media platform and discover everything that piques your interest!<br><br>Reddit Premium:<br>Purchase Reddit Premium to enjoy an ads-free experience and access to premium avatar gear, r/lounge, custom app icons, and more.<br><br>Payment will be charged on a recurring monthly or annual basis to your Google Play account. Your monthly or annual Premium subscription will automatically renew unless you cancel at least 24 hours before your subscription ends. Cancel anytime in your deviceâ€™s Account Settings. No partial refunds.<br><br>Privacy Policy: https://www.redditinc.com/policies/privacy-policy  <br>User Agreement: https://www.redditinc.com/policies/user-agreement  <br>Content Policy: https://www.redditinc.com/policies/content-policy <br><br>If you have any problems with the app, get support at RedditHelp.com","See what the internet is talking about! Breaking news, fun gossip, Q&As & more!","100,000,000+",100000000,156671857,3.205048,3077377,305617,"[1183311, 91499, 92533, 330924, 1379102]",0,True,USD,False,,,,True,$1.99 - $199.99 per item,reddit Inc.,reddit+Inc.,androidsupport@reddit.com,https://www.reddit.com/mobile/download,"548 Market St # 16093
San Francisco CA 94104
US",https://www.reddit.com/help/privacypolicy,Social,SOCIAL,"[{'name': 'Social', 'id': 'SOCIAL'}]",https://play-lh.googleusercontent.com/FpCCoNLOt6LRIY_3NM5Rk_LDN-kFNz0yxdFjm-CYM4XavRQfoQlXxOtgC7abfexIDOE,https://play-lh.googleusercontent.com/1LdWoV0Bn5RdgGGVx27FKrN0U7Gc7rZDGlynUy67fWhtrJvNxa43iz0PYGVbzLCdmJxZ,"['https://play-lh.googleusercontent.com/0ELWSusMcj9Ayoap-f-OhSpw6-eRjIoszjezXxO1M2gOJN5oD-5vLBE8-Cwy_B4J6Q', 'https://play-lh.googleusercontent.com/a_8rxc_WUDSuhLy7nngU534Cou4Fh8tx0frlxyb7dQ93UlkRTx-UkSfP7ulnMODJAXY', 'https://play-lh.googleusercontent.com/pVF3-vAm_sMMQ7plLDjugfRm9qkvGLl9wh7GGkejRJqSlbXocQm3t90brLlBWfLj900', 'https://play-lh.googleusercontent.com/l9b6gU4wuQGzDGAl3pGId1WKf2LaajZ2oTkHTW_nYkNO3kulBhcaVxo2ttjO3mpcKA', 'https://play-lh.googleusercontent.com/DA1IzEg7D_PGrMfwxV3LyUPpzJN_l7Ixfi48xI4hmBCAjT7dU3a0-EL14o_3yLnqowM', 'https://play-lh.googleusercontent.com/x7QhKrJMJ9DgnvW96Vq2SxktAckFyrlAkiqyhy4lU1pfYjExj5wzdFQgG0yEoy13ufE', 'https://play-lh.googleusercontent.com/_JT4g1jLt7HIQQiTP59wGbJxWjoJBOtvnlkYbTJjKFmXQ779ufjBJlMrhUUlozykHUM', 'https://play-lh.googleusercontent.com/kdnIrX8_RXknv0zuqZbb9YTsiD4CI1CSX8ph9-AtyV_cAe-BjIsr_hB8L_VFJfgOopE', 'https://play-lh.googleusercontent.com/5Nal6bwsfN53oFqxprjUVH0IHWHJHBhKgEgo2yst1KbIVuI38VxCNYz_znPwCKnMm_s', 'https://play-lh.googleusercontent.com/PpLFsYXMJZJ9P9r_BbpvdBYMfADc47Gg8roVU--0ATyPhzVJ9NQ992hFQikEdJPnQw', 'https://play-lh.googleusercontent.com/O3Y5tjRutKr5g9-jv0RFzgb8M00lgrKt4Hp-gcEENZeqMccsYlMn9_vEwqJJ_vFtnjY', 'https://play-lh.googleusercontent.com/bEfcoROEFLaGFBif_LOSt0EplI9nQZlZAjcsRGmI6nhS6tPxE5gR98MBfQbfUC9eTQ', 'https://play-lh.googleusercontent.com/ew6UTkBiJJvrnXfhdxtOrpn8aFA-XCHPX9aNqsLXAWfYIr1AKcVs_J3ZQADCB6zfXz5I', 'https://play-lh.googleusercontent.com/XL8aFtjyCxvG9HJ6zN883NrWz_o2gnj9-gqQV55cJAQFd9l1S4pEuaV2L2f5YYb2zdza', 'https://play-lh.googleusercontent.com/rEvteB6oQr1ZxDfZU96bOXD4ERew6xLND9mp0cG1cxxGzjLJZ4uWQkM2FC610awsdA']",,,Mature 17+,,True,True,"Apr 6, 2016","Apr 23, 2024",1713903891,2024.16.0,com.reddit.frontpage,https://play.google.com/store/apps/details?id=com.reddit.frontpage&hl=en&gl=us
